Workbook

Sheet Tracker
B2: 🗓 May 2026 — Habit Tracker
C3: Week 1 | J3: Week 2 | Q3: Week 3 | X3: Week 4 | AE3: Week 5 | AI3: 🏆 Best Habit | AJ3: =INDEX(B6:B15,MATCH(MAX(AI6:AI15),AI6:AI15,0)) -> Daily Exercise
C4: F | D4: S | E4: S | F4: M | G4: T | H4: W | I4: T | J4: F | K4: S | L4: S | M4: M | N4: T | O4: W | P4: T | Q4: F | R4: S | S4: S | T4: M | U4: T | V4: W | W4: T | X4: F | Y4: S | Z4: S | AA4: M | AB4: T | AC4: W | AD4: T | AE4: F | AF4: S | AG4: S | AI4: 😬 Worst Habit | AJ4: =INDEX(B6:B15,MATCH(MIN(AI6:AI15),AI6:AI15,0)) -> Daily Exercise
B5: Habit ↓ Day → | C5: 1 | D5: 2 | E5: 3 | F5: 4 | G5: 5 | H5: 6 | I5: 7 | J5: 8 | K5: 9 | L5: 10 | M5: 11 | N5: 12 | O5: 13 | P5: 14 | Q5: 15 | R5: 16 | S5: 17 | T5: 18 | U5: 19 | V5: 20 | W5: 21 | X5: 22 | Y5: 23 | Z5: 24 | AA5: 25 | AB5: 26 | AC5: 27 | AD5: 28 | AE5: 29 | AF5: 30 | AG5: 31 | AI5: Done ✓ | AJ5: % Rate | AK5: Progress
B6: Daily Exercise | C6: =FALSE() -> FALSE | D6: =FALSE() -> FALSE | E6: =FALSE() -> FALSE | F6: =FALSE() -> FALSE | G6: =FALSE() -> FALSE | H6: =FALSE() -> FALSE | I6: =FALSE() -> FALSE | J6: =FALSE() -> FALSE | ... AG6: =FALSE() -> FALSE | AI6: =COUNTIF(C6:AG6,TRUE()) -> 0 | AJ6: =AI6/31 -> 0 | AK6: =REPT("█",AI6)&REPT("░",31-AI6) -> ░░░░░░░░░░░░░░░░░░░░░░░░░░░░░░░
B7: Bed Before 11pm | C7: =FALSE() -> FALSE | D7: =FALSE() -> FALSE | E7: =FALSE() -> FALSE | F7: =FALSE() -> FALSE | G7: =FALSE() -> FALSE | H7: =FALSE() -> FALSE | I7: =FALSE() -> FALSE | J7: =FALSE() -> FALSE | ... AG7: =FALSE() -> FALSE | AI7: =COUNTIF(C7:AG7,TRUE()) -> 0 | AJ7: =AI7/31 -> 0 | AK7: =REPT("█",AI7)&REPT("░",31-AI7) -> ░░░░░░░░░░░░░░░░░░░░░░░░░░░░░░░
B8: Drink Protein | C8: =FALSE() -> FALSE | D8: =FALSE() -> FALSE | E8: =FALSE() -> FALSE | F8: =FALSE() -> FALSE | G8: =FALSE() -> FALSE | H8: =FALSE() -> FALSE | I8: =FALSE() -> FALSE | J8: =FALSE() -> FALSE | ... AG8: =FALSE() -> FALSE | AI8: =COUNTIF(C8:AG8,TRUE()) -> 0 | AJ8: =AI8/31 -> 0 | AK8: =REPT("█",AI8)&REPT("░",31-AI8) -> ░░░░░░░░░░░░░░░░░░░░░░░░░░░░░░░
B9: Eat Vegetables | C9: =FALSE() -> FALSE | D9: =FALSE() -> FALSE | E9: =FALSE() -> FALSE | F9: =FALSE() -> FALSE | G9: =FALSE() -> FALSE | H9: =FALSE() -> FALSE | I9: =FALSE() -> FALSE | J9: =FALSE() -> FALSE | ... AG9: =FALSE() -> FALSE | AI9: =COUNTIF(C9:AG9,TRUE()) -> 0 | AJ9: =AI9/31 -> 0 | AK9: =REPT("█",AI9)&REPT("░",31-AI9) -> ░░░░░░░░░░░░░░░░░░░░░░░░░░░░░░░
B10: Call Grandparents | C10: =FALSE() -> FALSE | D10: =FALSE() -> FALSE | E10: =FALSE() -> FALSE | F10: =FALSE() -> FALSE | G10: =FALSE() -> FALSE | H10: =FALSE() -> FALSE | I10: =FALSE() -> FALSE | J10: =FALSE() -> FALSE | ... AG10: =FALSE() -> FALSE | AI10: =COUNTIF(C10:AG10,TRUE()) -> 0 | AJ10: =AI10/31 -> 0 | AK10: =REPT("█",AI10)&REPT("░",31-AI10) -> ░░░░░░░░░░░░░░░░░░░░░░░░░░░░░░░
B11: No Snacks | C11: =FALSE() -> FALSE | D11: =FALSE() -> FALSE | E11: =FALSE() -> FALSE | F11: =FALSE() -> FALSE | G11: =FALSE() -> FALSE | H11: =FALSE() -> FALSE | I11: =FALSE() -> FALSE | J11: =FALSE() -> FALSE | ... AG11: =FALSE() -> FALSE | AI11: =COUNTIF(C11:AG11,TRUE()) -> 0 | AJ11: =AI11/31 -> 0 | AK11: =REPT("█",AI11)&REPT("░",31-AI11) -> ░░░░░░░░░░░░░░░░░░░░░░░░░░░░░░░
B12: Do Homework | C12: =FALSE() -> FALSE | D12: =FALSE() -> FALSE | E12: =FALSE() -> FALSE | F12: =FALSE() -> FALSE | G12: =FALSE() -> FALSE | H12: =FALSE() -> FALSE | I12: =FALSE() -> FALSE | J12: =FALSE() -> FALSE | ... AG12: =FALSE() -> FALSE | AI12: =COUNTIF(C12:AG12,TRUE()) -> 0 | AJ12: =AI12/31 -> 0 | AK12: =REPT("█",AI12)&REPT("░",31-AI12) -> ░░░░░░░░░░░░░░░░░░░░░░░░░░░░░░░
B13: Water Plants | C13: =FALSE() -> FALSE | D13: =FALSE() -> FALSE | E13: =FALSE() -> FALSE | F13: =FALSE() -> FALSE | G13: =FALSE() -> FALSE | H13: =FALSE() -> FALSE | I13: =FALSE() -> FALSE | J13: =FALSE() -> FALSE | ... AG13: =FALSE() -> FALSE | AI13: =COUNTIF(C13:AG13,TRUE()) -> 0 | AJ13: =AI13/31 -> 0 | AK13: =REPT("█",AI13)&REPT("░",31-AI13) -> ░░░░░░░░░░░░░░░░░░░░░░░░░░░░░░░
B14: Read 10+ Pages | C14: =FALSE() -> FALSE | D14: =FALSE() -> FALSE | E14: =FALSE() -> FALSE | F14: =FALSE() -> FALSE | G14: =FALSE() -> FALSE | H14: =FALSE() -> FALSE | I14: =FALSE() -> FALSE | J14: =FALSE() -> FALSE | ... AG14: =FALSE() -> FALSE | AI14: =COUNTIF(C14:AG14,TRUE()) -> 0 | AJ14: =AI14/31 -> 0 | AK14: =REPT("█",AI14)&REPT("░",31-AI14) -> ░░░░░░░░░░░░░░░░░░░░░░░░░░░░░░░
B15: Make Bed | C15: =FALSE() -> FALSE | D15: =FALSE() -> FALSE | E15: =FALSE() -> FALSE | F15: =FALSE() -> FALSE | G15: =FALSE() -> FALSE | H15: =FALSE() -> FALSE | I15: =FALSE() -> FALSE | J15: =FALSE() -> FALSE | ... AG15: =FALSE() -> FALSE | AI15: =COUNTIF(C15:AG15,TRUE()) -> 0 | AJ15: =AI15/31 -> 0 | AK15: =REPT("█",AI15)&REPT("░",31-AI15) -> ░░░░░░░░░░░░░░░░░░░░░░░░░░░░░░░
B17: Total Completed Today | C17: =COUNTIF(C6:C15,TRUE()) -> 0 | D17: =COUNTIF(D6:D15,TRUE()) -> 0 | E17: =COUNTIF(E6:E15,TRUE()) -> 0 | F17: =COUNTIF(F6:F15,TRUE()) -> 0 | G17: =COUNTIF(G6:G15,TRUE()) -> 0 | H17: =COUNTIF(H6:H15,TRUE()) -> 0 | I17: =COUNTIF(I6:I15,TRUE()) -> 0 | J17: =COUNTIF(J6:J15,TRUE()) -> 0 | ... AG17: =COUNTIF(AG6:AG15,TRUE()) -> 0 | AI17: =SUM(AI6:AI15) -> 0 | AJ17: =AI17/(31*10) -> 0 | AK17: Overall Progress

Sheet Dashboard
B2: 📊 Dashboard — May 2026
B4: ✅ Total Done | G4: 📅 Days Tracked | L4: 🎯 Overall Rate | Q4: 🏆 Best Habit
B5: =Tracker!AI17 -> 0 | G5: =COUNTIF(Tracker!C17:AG17,">0") -> 0 | L5: =Tracker!AJ17 -> 0 | Q5: =INDEX(Tracker!B6:B15,MATCH(MAX(Tracker!AI6:AI15),Tracker!AI6:AI15,0)) -> Daily Exercise
B33: Day | C33: % Completed | D33: Habits Done | F33: Week | G33: % Complete | I33: Habit | J33: Days Done | K33: %
B34: 1 | C34: =Tracker!C17/10 -> 0 | D34: =Tracker!C17 -> 0 | F34: Week 1 | G34: =SUMPRODUCT((Tracker!C6:I15=TRUE())*1)/(7*10) -> 0 | I34: Daily Exercise | J34: =Tracker!AI6 -> 0 | K34: =Tracker!AI6/31 -> 0
B35: 2 | C35: =Tracker!D17/10 -> 0 | D35: =Tracker!D17 -> 0 | F35: Week 2 | G35: =SUMPRODUCT((Tracker!J6:P15=TRUE())*1)/(7*10) -> 0 | I35: Bed Before 11pm | J35: =Tracker!AI7 -> 0 | K35: =Tracker!AI7/31 -> 0
B36: 3 | C36: =Tracker!E17/10 -> 0 | D36: =Tracker!E17 -> 0 | F36: Week 3 | G36: =SUMPRODUCT((Tracker!Q6:W15=TRUE())*1)/(7*10) -> 0 | I36: Drink Protein | J36: =Tracker!AI8 -> 0 | K36: =Tracker!AI8/31 -> 0
B37: 4 | C37: =Tracker!F17/10 -> 0 | D37: =Tracker!F17 -> 0 | F37: Week 4 | G37: =SUMPRODUCT((Tracker!X6:AD15=TRUE())*1)/(7*10) -> 0 | I37: Eat Vegetables | J37: =Tracker!AI9 -> 0 | K37: =Tracker!AI9/31 -> 0
B38: 5 | C38: =Tracker!G17/10 -> 0 | D38: =Tracker!G17 -> 0 | F38: Week 5 | G38: =SUMPRODUCT((Tracker!AE6:AG15=TRUE())*1)/(3*10) -> 0 | I38: Call Grandparents | J38: =Tracker!AI10 -> 0 | K38: =Tracker!AI10/31 -> 0
B39: 6 | C39: =Tracker!H17/10 -> 0 | D39: =Tracker!H17 -> 0 | I39: No Snacks | J39: =Tracker!AI11 -> 0 | K39: =Tracker!AI11/31 -> 0
B40: 7 | C40: =Tracker!I17/10 -> 0 | D40: =Tracker!I17 -> 0 | I40: Do Homework | J40: =Tracker!AI12 -> 0 | K40: =Tracker!AI12/31 -> 0
B41: 8 | C41: =Tracker!J17/10 -> 0 | D41: =Tracker!J17 -> 0 | I41: Water Plants | J41: =Tracker!AI13 -> 0 | K41: =Tracker!AI13/31 -> 0
B42: 9 | C42: =Tracker!K17/10 -> 0 | D42: =Tracker!K17 -> 0 | I42: Read 10+ Pages | J42: =Tracker!AI14 -> 0 | K42: =Tracker!AI14/31 -> 0
B43: 10 | C43: =Tracker!L17/10 -> 0 | D43: =Tracker!L17 -> 0 | I43: Make Bed | J43: =Tracker!AI15 -> 0 | K43: =Tracker!AI15/31 -> 0
B44: 11 | C44: =Tracker!M17/10 -> 0 | D44: =Tracker!M17 -> 0
B45: 12 | C45: =Tracker!N17/10 -> 0 | D45: =Tracker!N17 -> 0
B46: 13 | C46: =Tracker!O17/10 -> 0 | D46: =Tracker!O17 -> 0
B47: 14 | C47: =Tracker!P17/10 -> 0 | D47: =Tracker!P17 -> 0
B48: 15 | C48: =Tracker!Q17/10 -> 0 | D48: =Tracker!Q17 -> 0
B49: 16 | C49: =Tracker!R17/10 -> 0 | D49: =Tracker!R17 -> 0
B50: 17 | C50: =Tracker!S17/10 -> 0 | D50: =Tracker!S17 -> 0
B51: 18 | C51: =Tracker!T17/10 -> 0 | D51: =Tracker!T17 -> 0
B52: 19 | C52: =Tracker!U17/10 -> 0 | D52: =Tracker!U17 -> 0
B53: 20 | C53: =Tracker!V17/10 -> 0 | D53: =Tracker!V17 -> 0
B54: 21 | C54: =Tracker!W17/10 -> 0 | D54: =Tracker!W17 -> 0
B55: 22 | C55: =Tracker!X17/10 -> 0 | D55: =Tracker!X17 -> 0
B56: 23 | C56: =Tracker!Y17/10 -> 0 | D56: =Tracker!Y17 -> 0
B57: 24 | C57: =Tracker!Z17/10 -> 0 | D57: =Tracker!Z17 -> 0
B58: 25 | C58: =Tracker!AA17/10 -> 0 | D58: =Tracker!AA17 -> 0
B59: 26 | C59: =Tracker!AB17/10 -> 0 | D59: =Tracker!AB17 -> 0
B60: 27 | C60: =Tracker!AC17/10 -> 0 | D60: =Tracker!AC17 -> 0
B61: 28 | C61: =Tracker!AD17/10 -> 0 | D61: =Tracker!AD17 -> 0
B62: 29 | C62: =Tracker!AE17/10 -> 0 | D62: =Tracker!AE17 -> 0
B63: 30 | C63: =Tracker!AF17/10 -> 0 | D63: =Tracker!AF17 -> 0
B64: 31 | C64: =Tracker!AG17/10 -> 0 | D64: =Tracker!AG17 -> 0

Sheet How to Use
B2: 📋 How to Use Your Habit Tracker
B4: 1️⃣ Go to the 'Tracker' tab | C4: This is your daily check-in sheet. It shows the full month.
B6: 2️⃣ Find today's column | C6: Day numbers run across the top (row 5). Scroll to today's date.
B8: 3️⃣ Mark each habit TRUE or FALSE | C8: Click a cell and select TRUE (completed) or FALSE (missed) from the dropdown. The cell will turn GREEN for TRUE and RED for FALSE automatically.
B10: 4️⃣ Check your daily total | C10: The bottom row ('Total Completed Today') shows how many habits you hit each day out of 10.
B12: 5️⃣ See your progress bar | C12: The 'Progress' column on the right shows a visual bar. The more ████ blocks, the better!
B14: 6️⃣ Visit the Dashboard tab | C14: Charts update automatically based on your entries: line chart (daily %), weekly bar chart, and per-habit horizontal bars.
B16: 7️⃣ Edit your habits anytime | C16: Change the habit names in column B of the Tracker tab (rows 6–15). All formulas will still work.
B18: 8️⃣ Start a new month | C18: Download a fresh copy and update the YEAR and MONTH variables at the top of this sheet — or just create a new tab.
B20: 💡 Tip: Best & Worst Habit | C20: The Tracker tab automatically identifies your best and worst performing habit in the top-right corner.
B22: 💡 Tip: Streak motivation | C22: Try to keep your TRUE streak going! Even one FALSE in a row is visible — use it as motivation.
